,count,mean,std,min,25%,50%,75%,max,skewness,shape
quantity,1200.0,2.9458333333333333,1.4075570987983175,1.0,2.0,3.0,4.0,5.0,0.027922314016614352,approximately symmetric
unitprice,1200.0,356.41275,197.17714641491233,11.39,186.0625,364.21,521.5699999999999,699.93,-0.026511641121850952,approximately symmetric
itemsincart,1200.0,5.485,2.2819833201028636,1.0,4.0,5.0,7.0,10.0,0.0008767998521406929,approximately symmetric
totalprice,1200.0,1053.9683,819.8565583646455,11.39,410.52,823.615,1578.475,3456.4,0.8913590826809059,moderately right-skewed
